<?xml version="1.0" encoding="UTF-8" standalone="yes"?>
<addon id="repository.forbxy" name="kodi forbxy Add-on repository" version="1.0.0" provider-name="forbxy">
    <extension point="xbmc.addon.repository" name="kodi forbxy Add-on repository">
        <dir>
            <info compressed="false">https://raw.githubusercontent.com/forbxy/repository.forbxy/master/addons.xml</info>
            <checksum>https://raw.githubusercontent.com/forbxy/repository.forbxy/master/addons.xml.md5</checksum>
            <datadir zip="true">https://raw.githubusercontent.com/forbxy/repository.forbxy/master/</datadir>
        </dir>
    </extension>
    <extension point="xbmc.addon.metadata">
        <summary>Forbxy's Kodi Add-on Repository</summary>
        <description>A repository for custom Kodi add-ons.</description>
        <platform>all</platform>
        <assets>
            <icon>icon.jpg</icon>
        </assets>
    </extension>
</addon>
