<?xml version="1.0" encoding="UTF-8"?>
<window type="dialog" id="1116">
    <defaultcontrol>100</defaultcontrol>
    <controls>
        <control type="group">
            <centerleft>50%</centerleft>
            <centertop>50%</centertop>
            <width>260</width>
            <height>310</height>
            <animation effect="fade" start="0" end="100" time="200">WindowOpen</animation>
            <animation effect="fade" start="100" end="0" time="200">WindowClose</animation>
            
            <!-- Background -->
            <control type="image">
                <visible>!String.IsEqual(Window(Home).Property(MFG.UseRounded),true)</visible>
                <width>100%</width>
                <height>100%</height>
                <texture colordiffuse="80000000">colors/fm_white.png</texture>
            </control>
            <control type="image">
                <visible>String.IsEqual(Window(Home).Property(MFG.UseRounded),true)</visible>
                <width>100%</width>
                <height>100%</height>
                <texture colordiffuse="80000000" border="10">diffuse/poster_mask.png</texture>
            </control>
            
            <!-- Title -->
            <control type="label">
                <left>20</left>
                <top>10</top>
                <width>220</width>
                <height>40</height>
                <label>播放速度</label>
                <font>font12_title</font>
                <textcolor>white</textcolor>
                <align>center</align>
            </control>

            <!-- List -->
            <control type="list" id="100">
                <left>10</left>
                <top>60</top>
                <width>240</width>
                <height>240</height>
                <onleft>Action(Close)</onleft>
                <onright>Action(Close)</onright>
                <viewtype label="list">list</viewtype>
                <pagecontrol>60</pagecontrol>
                <scrolltime>0</scrolltime>
                <itemlayout height="50">
                    <control type="label">
                        <left>10</left>
                        <top>0</top>
                        <width>220</width>
                        <height>50</height>
                        <label>$INFO[ListItem.Label]</label>
                        <aligny>center</aligny>
                        <textcolor>grey</textcolor>
                        <visible>!String.IsEqual(ListItem.Property(IsActive),true)</visible>
                    </control>
                    <control type="label">
                        <left>10</left>
                        <top>0</top>
                        <width>220</width>
                        <height>50</height>
                        <label>$INFO[ListItem.Label]</label>
                        <aligny>center</aligny>
                        <textcolor>FFEB9E17</textcolor> <!-- Yellow for active -->
                        <visible>String.IsEqual(ListItem.Property(IsActive),true)</visible>
                    </control>
                </itemlayout>
                <focusedlayout height="50">
                    <control type="image">
                        <width>240</width>
                        <height>50</height>
                        <texture colordiffuse="$INFO[Window(home).Property(MFG.FocusColor)]">colors/fm_white.png</texture>
                    </control>
                    <control type="label">
                        <left>10</left>
                        <top>0</top>
                        <width>220</width>
                        <height>50</height>
                        <label>$INFO[ListItem.Label]</label>
                        <aligny>center</aligny>
                        <textcolor>white</textcolor>
                        <scroll>true</scroll>
                    </control>
                </focusedlayout>
            </control>
        </control>
    </controls>
</window>