<?xml version="1.0" encoding="UTF-8"?>
<window>
	<depth>DepthOSD</depth>
	<defaultcontrol always="true">5553</defaultcontrol>
	<animation effect="fade" start="0" end="100" time="300">WindowOpen</animation>
	<animation effect="fade" start="100" end="0" time="200">WindowClose</animation>
	<onunload>ClearProperty(PlayerInfoDialogFocus,Home)</onunload>
	<controls>
		<control type="group">
			<bottom>0</bottom>
			<height>300</height>
			<animation effect="slide" end="0,-20" time="150" condition="VideoPlayer.Content(LiveTV)">conditional</animation>
			<control type="image">
				<left>30</left>
				<top>-220</top>
				<right>30</right>
				<height>380</height>
				<texture border="40">dialogs/dialog-bg-nobo.png</texture>
			</control>
			<!-- PVR Left -->
			<control type="grouplist">
				<left>50</left>
				<top>-204</top>
				<visible>Control.HasFocus(5551)</visible>
				<control type="label">
					<width>1200</width>
					<height>50</height>
					<aligny>bottom</aligny>
					<label>$INFO[PVR.ActStreamServiceName,[COLOR button_focus]$LOCALIZE[19099]:[/COLOR] ]</label>
					<font>font12</font>
					<shadowcolor>black</shadowcolor>
				</control>
				<control type="label">
					<width>1200</width>
					<height>50</height>
					<aligny>bottom</aligny>
					<label>$INFO[PVR.ActStreamProviderName,[COLOR button_focus]$LOCALIZE[19101]:[/COLOR] ]</label>
					<font>font12</font>
					<shadowcolor>black</shadowcolor>
				</control>
				<control type="label">
					<width>1200</width>
					<height>50</height>
					<aligny>bottom</aligny>
					<label>$INFO[PVR.ActStreamClient,[COLOR button_focus]$LOCALIZE[19012]:[/COLOR] ]</label>
					<font>font12</font>
					<shadowcolor>black</shadowcolor>
				</control>
				<control type="label">
					<width>1200</width>
					<height>50</height>
					<aligny>bottom</aligny>
					<label>$INFO[PVR.ActStreamDevice,[COLOR button_focus]$LOCALIZE[19006]:[/COLOR] ]</label>
					<font>font12</font>
					<shadowcolor>black</shadowcolor>
				</control>
				<control type="label">
					<width>1200</width>
					<height>50</height>
					<aligny>bottom</aligny>
					<label>$INFO[PVR.ActStreamStatus,[COLOR button_focus]$LOCALIZE[19007]:[/COLOR] ]</label>
					<font>font12</font>
					<shadowcolor>black</shadowcolor>
				</control>
				<control type="label">
					<width>1200</width>
					<height>50</height>
					<aligny>bottom</aligny>
					<label>$INFO[PVR.ActStreamEncryptionName,[COLOR button_focus]$LOCALIZE[19015]:[/COLOR] ]</label>
					<font>font12</font>
					<shadowcolor>black</shadowcolor>
				</control>
			</control>
			<!-- PVR Right -->
			<control type="grouplist">
				<left>1250</left>
				<top>-204</top>
				<visible>Control.HasFocus(5551)</visible>
				<usecontrolcoords>true</usecontrolcoords>
				<control type="label">
					<width>600</width>
					<height>50</height>
					<aligny>bottom</aligny>
					<label>$INFO[PVR.ActStreamBer,[COLOR button_focus]$LOCALIZE[19010]:[/COLOR] ]</label>
					<font>font12</font>
					<shadowcolor>black</shadowcolor>
				</control>
				<control type="label">
					<width>600</width>
					<height>50</height>
					<aligny>bottom</aligny>
					<label>$INFO[PVR.ActStreamUnc,[COLOR button_focus]$LOCALIZE[19011]:[/COLOR] ]</label>
					<font>font12</font>
					<shadowcolor>black</shadowcolor>
				</control>
				<control type="label">
					<width>600</width>
					<height>50</height>
					<aligny>bottom</aligny>
					<label>$INFO[PVR.ActStreamMux,[COLOR button_focus]$LOCALIZE[19100]:[/COLOR] ]</label>
					<font>font12</font>
					<shadowcolor>black</shadowcolor>
				</control>
				<control type="label">
					<width>600</width>
					<height>50</height>
					<aligny>bottom</aligny>
					<label>$INFO[PVR.ActStreamSignal,[COLOR button_focus]$LOCALIZE[19008]:[/COLOR] ]</label>
					<font>font12</font>
					<shadowcolor>black</shadowcolor>
				</control>
				<control type="progress">
					<top>5</top>
					<width>600</width>
					<height>18</height>
					<info>PVR.ActStreamProgrSignal</info>
				</control>
				<control type="label">
					<top>5</top>
					<width>1600</width>
					<height>50</height>
					<aligny>bottom</aligny>
					<label>$INFO[PVR.ActStreamSNR,[COLOR button_focus]$LOCALIZE[19009]:[/COLOR] ]</label>
					<font>font12</font>
					<shadowcolor>black</shadowcolor>
				</control>
				<control type="progress">
					<top>0</top>
					<width>600</width>
					<height>18</height>
					<info>PVR.ActStreamProgrSNR</info>
				</control>
			</control>
			<!-- Dolby Vision - HDR Left -->
			<control type="grouplist">
				<left>60</left>
				<top>-204</top>
				<visible>Control.HasFocus(5552)</visible>
				<visible>String.IsEqual(Player.Process(video.dovi.has.config),1)</visible>
				<control type="group"> <!-- DV Config -->
					<width>500</width>
					<height>40</height>
					<control type="image">
						<left>0</left>
						<top>8</top>
						<width>174</width>
						<height>26</height>
						<texture>info/dolby.vision.horizontal.small.png</texture>
						<visible>true</visible>
					</control>
					<control type="label">
						<left>185</left>
						<width>300</width>
						<height>40</height>
						<aligny>bottom</aligny>
						<align>left</align>
						<label>[COLOR blue]Configuration[/COLOR]</label>
						<font>font12</font>
						<shadowcolor>black</shadowcolor>
					</control>
				</control>
				<control type="group"> <!-- DV Version -->
					<width>500</width>
					<height>40</height>
					<control type="label">
						<width>300</width>
						<height>40</height>
						<aligny>bottom</aligny>
						<align>left</align>
						<label>[COLOR button_focus]Version:[/COLOR]</label>
						<font>font12</font>
						<shadowcolor>black</shadowcolor>
					</control>
					<control type="label">
						<left>250</left>
						<width>200</width>
						<height>40</height>
						<aligny>bottom</aligny>
						<align>right</align>
						<label>$INFO[Player.Process(video.dovi.version.major)].$INFO[Player.Process(video.dovi.version.minor)]</label>
						<font>font12</font>
						<shadowcolor>black</shadowcolor>
					</control>
				</control>
				<control type="group"> <!-- DV Profile -->
					<width>500</width>
					<height>40</height>
					<control type="label">
						<width>300</width>
						<height>40</height>
						<aligny>bottom</aligny>
						<align>left</align>
						<label>[COLOR button_focus]Profile:[/COLOR]</label>
						<font>font12</font>
						<shadowcolor>black</shadowcolor>
					</control>
					<control type="label">
						<left>250</left>
						<width>200</width>
						<height>40</height>
						<aligny>bottom</aligny>
						<align>right</align>
						<label>$VAR[DVProfileExtVar]</label>
						<font>font12</font>
						<shadowcolor>black</shadowcolor>
					</control>
					<control type="label">
						<left>460</left>
						<width>50</width>
						<height>40</height>
						<aligny>bottom</aligny>
						<align>right</align>
						<label>[COLOR dimgrey]$VAR[DVSourceProfileExtVar][/COLOR]</label>
						<font>font12</font>
						<shadowcolor>black</shadowcolor>
						<visible>!String.IsEqual(Player.Process(video.source.dovi.profile),Player.Process(video.dovi.profile))</visible>
						<visible>!String.IsEqual(Player.Process(video.source.dovi.profile),0)</visible>
					</control>
				</control>
				<control type="group"> <!-- DV Level -->
					<width>500</width>
					<height>40</height>
					<control type="label">
						<width>300</width>
						<height>40</height>
						<aligny>bottom</aligny>
						<align>left</align>
						<label>[COLOR button_focus]Level:[/COLOR]</label>
						<font>font12</font>
						<shadowcolor>black</shadowcolor>
					</control>
					<control type="label">
						<left>250</left>
						<width>200</width>
						<height>40</height>
						<aligny>bottom</aligny>
						<align>right</align>
						<label>$INFO[Player.Process(video.dovi.level)]</label>
						<font>font12</font>
						<shadowcolor>black</shadowcolor>
					</control>
				</control>
				<control type="group"> <!-- DV RPU -->
					<width>500</width>
					<height>40</height>
					<control type="label">
						<width>300</width>
						<height>40</height>
						<aligny>bottom</aligny>
						<align>left</align>
						<label>[COLOR button_focus]RPU:[/COLOR]</label>
						<font>font12</font>
						<shadowcolor>black</shadowcolor>
					</control>
					<control type="label">
						<left>250</left>
						<width>200</width>
						<height>40</height>
						<aligny>bottom</aligny>
						<align>right</align>
						<label>$VAR[RPUPresentVar]</label>
						<font>font40</font>
						<shadowcolor>black</shadowcolor>
					</control>
				</control>
				<control type="group"> <!-- DV BL -->
					<width>500</width>
					<height>40</height>
					<control type="label">
						<width>300</width>
						<height>40</height>
						<aligny>bottom</aligny>
						<align>left</align>
						<label>[COLOR button_focus]Base Layer:[/COLOR]</label>
						<font>font12</font>
						<shadowcolor>black</shadowcolor>
					</control>
					<control type="label">
						<left>250</left>
						<width>200</width>
						<height>40</height>
						<aligny>bottom</aligny>
						<align>right</align>
						<label>[COLOR lightgreen]$VAR[BLPresentVar][/COLOR]</label>
						<font>font40</font>
						<shadowcolor>black</shadowcolor>
					</control>
				</control>
				<control type="group"> <!-- DV EL -->
					<width>500</width>
					<height>40</height>
					<control type="label">
						<width>350</width>
						<height>40</height>
						<aligny>bottom</aligny>
						<align>left</align>
						<label>[COLOR button_focus]Enhancement Layer:[/COLOR]</label>
						<font>font12</font>
						<shadowcolor>black</shadowcolor>
					</control>
					<control type="label">
						<left>250</left>
						<width>200</width>
						<height>40</height>
						<aligny>bottom</aligny>
						<align>right</align>
						<label>$VAR[ELPresentVar]</label>
						<font>font40</font>
						<shadowcolor>black</shadowcolor>
					</control>
					<control type="label">
						<left>460</left>
						<width>50</width>
						<height>40</height>
						<aligny>bottom</aligny>
						<align>right</align>
						<label>$VAR[ELSourcePresentVar]</label>
						<font>font40</font>
						<shadowcolor>black</shadowcolor>
						<visible>!String.IsEqual(Player.Process(video.source.dovi.el.present),Player.Process(video.dovi.el.present))</visible>
						<visible>!String.IsEqual(Player.Process(video.source.dovi.profile),0)</visible>
					</control>
				</control>
				<control type="group"> <!-- DV EL Type -->
					<width>500</width>
					<height>40</height>
					<control type="label">
						<width>400</width>
						<height>40</height>
						<aligny>bottom</aligny>
						<align>left</align>
						<label>[COLOR button_focus]Enhancement Layer Type:[/COLOR]</label>
						<font>font12</font>
						<shadowcolor>black</shadowcolor>
					</control>
					<control type="label">
						<left>250</left>
						<width>200</width>
						<height>40</height>
						<aligny>bottom</aligny>
						<align>right</align>
						<label>$VAR[DVELVar]</label>
						<font>font12</font>
						<shadowcolor>black</shadowcolor>
					</control>
					<control type="label">
						<left>460</left>
						<width>50</width>
						<height>40</height>
						<aligny>bottom</aligny>
						<align>right</align>
						<label>$VAR[DVSourceELVar]</label>
						<font>font12</font>
						<shadowcolor>black</shadowcolor>
						<visible>!String.IsEqual(Player.Process(video.source.dovi.el.type),Player.Process(video.dovi.el.type))</visible>
						<visible>!String.IsEqual(Player.Process(video.source.dovi.profile),0)</visible>
					</control>
				</control>
				<control type="group"> <!-- DV Metadata -->
					<width>500</width>
					<height>40</height>
					<control type="label">
						<width>300</width>
						<height>40</height>
						<aligny>bottom</aligny>
						<align>left</align>
						<label>[COLOR button_focus]Metadata:[/COLOR]</label>
						<font>font12</font>
						<shadowcolor>black</shadowcolor>
					</control>
					<control type="label">
						<left>250</left>
						<width>200</width>
						<height>40</height>
						<aligny>bottom</aligny>
						<align>right</align>
						<label>$INFO[Player.Process(video.dovi.meta.version)]</label>
						<font>font12</font>
						<shadowcolor>black</shadowcolor>
					</control>
				</control>
			</control>
			<!-- Dolby Vision - HDR Middle -->
			<control type="grouplist">
				<left>600</left>
				<top>-204</top>
				<visible>Control.HasFocus(5552)</visible>
				<visible>String.IsEqual(Player.Process(video.dovi.has.header),1)</visible>
				<control type="group"> <!-- DV Levels Metadata -->
					<width>500</width>
					<height>40</height>
					<control type="image">
						<left>0</left>
						<top>8</top>
						<width>174</width>
						<height>26</height>
						<texture>info/dolby.vision.horizontal.small.png</texture>
					</control>
					<control type="label">
						<left>185</left>
						<width>300</width>
						<height>40</height>
						<aligny>bottom</aligny>
						<align>left</align>
						<label>[COLOR blue]Levels Metadata[/COLOR]</label>
						<font>font12</font>
						<shadowcolor>black</shadowcolor>
					</control>
				</control>
				<control type="group"> <!-- DV L6 MaxCLL/MaxFALL -->
					<visible>String.IsEqual(Player.Process(video.dovi.has.l6),1)</visible>
					<width>500</width>
					<height>40</height>
					<control type="label">
						<width>250</width>
						<height>40</height>
						<aligny>bottom</aligny>
						<align>left</align>
						<label>[COLOR button_focus]L6 Max CLL/FALL:[/COLOR]</label>
						<font>font12</font>
						<shadowcolor>black</shadowcolor>
					</control>
					<control type="label">
						<left>250</left>
						<width>100</width>
						<height>40</height>
						<aligny>bottom</aligny>
						<align>right</align>
						<label>$INFO[Player.Process(video.dovi.l6.max.cll)]</label>
						<font>font12</font>
						<shadowcolor>black</shadowcolor>
					</control>
					<control type="label">
						<left>350</left>
						<width>100</width>
						<height>40</height>
						<aligny>bottom</aligny>
						<align>right</align>
						<label>$INFO[Player.Process(video.dovi.l6.max.fall)]</label>
						<font>font12</font>
						<shadowcolor>black</shadowcolor>
					</control>
					<control type="label">
						<left>570</left>
						<width>100</width>
						<height>40</height>
						<aligny>bottom</aligny>
						<align>left</align>
						<label>[COLOR dimgrey]cd/m²[/COLOR]</label>
						<font>font12</font>
						<shadowcolor>black</shadowcolor>
					</control>
				</control>
				<control type="group"> <!-- DV L6 Min/Max -->
					<visible>String.IsEqual(Player.Process(video.dovi.has.l6),1)</visible>
					<width>500</width>
					<height>40</height>
					<control type="label">
						<width>250</width>
						<height>40</height>
						<aligny>bottom</aligny>
						<align>left</align>
						<label>[COLOR button_focus]L6 Min/Max:[/COLOR]</label>
						<font>font12</font>
						<shadowcolor>black</shadowcolor>
					</control>
					<control type="label">
						<left>250</left>
						<width>100</width>
						<height>40</height>
						<aligny>bottom</aligny>
						<align>right</align>
						<label>$INFO[Player.Process(video.dovi.l6.min.lum)]</label>
						<font>font12</font>
						<shadowcolor>black</shadowcolor>	
					</control>
					<control type="label">
						<left>350</left>
						<width>100</width>
						<height>40</height>
						<aligny>bottom</aligny>
						<align>right</align>
						<label>$INFO[Player.Process(video.dovi.l6.max.lum)]</label>
						<font>font12</font>
						<shadowcolor>black</shadowcolor>
					</control>
					<control type="label">
						<left>570</left>
						<width>100</width>
						<height>40</height>
						<aligny>bottom</aligny>
						<align>left</align>
						<label>[COLOR dimgrey]cd/m²[/COLOR]</label>
						<font>font12</font>
						<shadowcolor>black</shadowcolor>
					</control>
				</control>
				<control type="group"> <!-- DV Source Min/Max nits -->
					<width>500</width>
					<height>40</height>
					<control type="label">
						<width>250</width>
						<height>40</height>
						<aligny>bottom</aligny>
						<align>left</align>
						<label>[COLOR button_focus]Source Min/Max:[/COLOR]</label>
						<font>font12</font>
						<shadowcolor>black</shadowcolor>
					</control>
					<control type="label">
						<left>250</left>
						<width>100</width>
						<height>40</height>
						<aligny>bottom</aligny>
						<align>right</align>
						<label>[COLOR lightgreen]$INFO[Player.Process(video.dovi.source.min.nits)][/COLOR]</label>
						<font>font12</font>
						<shadowcolor>black</shadowcolor>
					</control>
					<control type="label">
						<left>350</left>
						<width>100</width>
						<height>40</height>
						<aligny>bottom</aligny>
						<align>right</align>
						<label>[COLOR lightgreen]$INFO[Player.Process(video.dovi.source.max.nits)][/COLOR]</label>
						<font>font12</font>
						<shadowcolor>black</shadowcolor>
					</control>
					<control type="label">
						<left>570</left>
						<width>100</width>
						<height>40</height>
						<aligny>bottom</aligny>
						<align>left</align>
						<label>[COLOR dimgrey]cd/m²[/COLOR]</label>
						<font>font12</font>
						<shadowcolor>black</shadowcolor>
					</control>
				</control>
				<control type="group"> <!-- DV L1 Min/Max/Avg nits -->
					<width>500</width>
					<height>40</height>
					<control type="label">
						<width>250</width>
						<height>40</height>
						<aligny>bottom</aligny>
						<align>left</align>
						<label>[COLOR button_focus]L1 Min/Max/Avg:[/COLOR]</label>
						<font>font12</font>
						<shadowcolor>black</shadowcolor>
					</control>
					<control type="label">
						<left>250</left>
						<width>100</width>
						<height>40</height>
						<aligny>bottom</aligny>
						<align>right</align>
						<label>[COLOR lightgreen]$INFO[Player.Process(video.dovi.l1.min.nits)][/COLOR]</label>
						<font>font12</font>
						<shadowcolor>black</shadowcolor>
					</control>
					<control type="label">
						<left>350</left>
						<width>100</width>
						<height>40</height>
						<aligny>bottom</aligny>
						<align>right</align>
						<label>[COLOR lightgreen]$INFO[Player.Process(video.dovi.l1.max.nits)][/COLOR]</label>
						<font>font12</font>
						<shadowcolor>black</shadowcolor>
					</control>
					<control type="label">
						<left>450</left>
						<width>100</width>
						<height>40</height>
						<aligny>bottom</aligny>
						<align>right</align>
						<label>[COLOR lightgreen]$INFO[Player.Process(video.dovi.l1.avg.nits)][/COLOR]</label>
						<font>font12</font>
						<shadowcolor>black</shadowcolor>
					</control>
					<control type="label">
						<left>570</left>
						<width>100</width>
						<height>40</height>
						<aligny>bottom</aligny>
						<align>left</align>
						<label>[COLOR dimgrey]cd/m²[/COLOR]</label>
						<font>font12</font>
						<shadowcolor>black</shadowcolor>
					</control>
				</control>
				<control type="label"> <!-- Spacer-->
					<width>250</width>
					<height>20</height>
					<aligny>bottom</aligny>
					<align>left</align>
					<label></label>
					<font>font12</font>
					<shadowcolor>black</shadowcolor>
				</control>
				<control type="group"> <!-- DV Source Min/Max PQ -->
					<width>500</width>
					<height>40</height>
					<control type="label">
						<width>250</width>
						<height>40</height>
						<aligny>bottom</aligny>
						<align>left</align>
						<label>[COLOR button_focus]Source Min/Max:[/COLOR]</label>
						<font>font12</font>
						<shadowcolor>black</shadowcolor>
					</control>
					<control type="label">
						<left>250</left>
						<width>100</width>
						<height>40</height>
						<aligny>bottom</aligny>
						<align>right</align>
						<label>[COLOR lightgreen]$INFO[Player.Process(video.dovi.source.min.pq)][/COLOR]</label>
						<font>font12</font>
						<shadowcolor>black</shadowcolor>
					</control>
					<control type="label">
						<left>350</left>
						<width>100</width>
						<height>40</height>
						<aligny>bottom</aligny>
						<align>right</align>
						<label>[COLOR lightgreen]$INFO[Player.Process(video.dovi.source.max.pq)][/COLOR]</label>
						<font>font12</font>
						<shadowcolor>black</shadowcolor>
					</control>
					<control type="label">
						<left>570</left>
						<width>120</width>
						<height>40</height>
						<aligny>bottom</aligny>
						<align>left</align>
						<label>[COLOR dimgrey]12-bit PQ[/COLOR]</label>
						<font>font12</font>
						<shadowcolor>black</shadowcolor>
					</control>
				</control>
				<control type="group"> <!-- DV L1 Min/Max/Avg PQ -->
					<width>500</width>
					<height>40</height>
					<control type="label">
						<width>250</width>
						<height>40</height>
						<aligny>bottom</aligny>
						<align>left</align>
						<label>[COLOR button_focus]L1 Min/Max/Avg:[/COLOR]</label>
						<font>font12</font>
						<shadowcolor>black</shadowcolor>
					</control>
					<control type="label">
						<left>250</left>
						<width>100</width>
						<height>40</height>
						<aligny>bottom</aligny>
						<align>right</align>
						<label>[COLOR lightgreen]$INFO[Player.Process(video.dovi.l1.min.pq)][/COLOR]</label>
						<font>font12</font>
						<shadowcolor>black</shadowcolor>
					</control>
					<control type="label">
						<left>350</left>
						<width>100</width>
						<height>40</height>
						<aligny>bottom</aligny>
						<align>right</align>
						<label>[COLOR lightgreen]$INFO[Player.Process(video.dovi.l1.max.pq)][/COLOR]</label>
						<font>font12</font>
						<shadowcolor>black</shadowcolor>
					</control>
					<control type="label">
						<left>450</left>
						<width>100</width>
						<height>40</height>
						<aligny>bottom</aligny>
						<align>right</align>
						<label>[COLOR lightgreen]$INFO[Player.Process(video.dovi.l1.avg.pq)][/COLOR]</label>
						<font>font12</font>
						<shadowcolor>black</shadowcolor>
					</control>
					<control type="label">
						<left>570</left>
						<width>120</width>
						<height>40</height>
						<aligny>bottom</aligny>
						<align>left</align>
						<label>[COLOR dimgrey]12-bit PQ[/COLOR]</label>
						<font>font12</font>
						<shadowcolor>black</shadowcolor>
					</control>
				</control>
				<control type="label"> <!-- Spacer-->
					<width>250</width>
					<height>20</height>
					<aligny>bottom</aligny>
					<align>left</align>
					<label></label>
					<font>font12</font>
					<shadowcolor>black</shadowcolor>
				</control>
				<control type="group"> <!-- DV L5 Left:Right Top:Bottom -->
					<visible>String.IsEqual(Player.Process(video.dovi.has.l5),1)</visible>
					<width>500</width>
					<height>40</height>
					<control type="label">
						<width>250</width>
						<height>40</height>
						<aligny>bottom</aligny>
						<align>left</align>
						<label>[COLOR button_focus]L5 Active Offsets:[/COLOR]</label>
						<font>font12</font>
						<shadowcolor>black</shadowcolor>
					</control>
					<control type="label">
						<left>250</left>
						<width>100</width>
						<height>40</height>
						<aligny>bottom</aligny>
						<align>right</align>
						<label>$INFO[Player.Process(video.dovi.l5.left.offset)]</label>
						<font>font12</font>
						<shadowcolor>black</shadowcolor>
					</control>
					<control type="label">
						<left>350</left>
						<width>20</width>
						<height>40</height>
						<aligny>bottom</aligny>
						<align>right</align>
						<label>[COLOR dimgrey]L[/COLOR]</label>
						<font>font12</font>
						<shadowcolor>black</shadowcolor>
					</control>
					<control type="label">
						<left>350</left>
						<width>100</width>
						<height>40</height>
						<aligny>bottom</aligny>
						<align>right</align>
						<label>$INFO[Player.Process(video.dovi.l5.right.offset)]</label>
						<font>font12</font>
						<shadowcolor>black</shadowcolor>
					</control>
					<control type="label">
						<left>450</left>
						<width>20</width>
						<height>40</height>
						<aligny>bottom</aligny>
						<align>right</align>
						<label>[COLOR dimgrey]R[/COLOR]</label>
						<font>font12</font>
						<shadowcolor>black</shadowcolor>
					</control>
					<control type="label">
						<left>450</left>
						<width>100</width>
						<height>40</height>
						<aligny>bottom</aligny>
						<align>right</align>
						<label>$INFO[Player.Process(video.dovi.l5.top.offset)]</label>
						<font>font12</font>
						<shadowcolor>black</shadowcolor>
					</control>
					<control type="label">
						<left>550</left>
						<width>20</width>
						<height>40</height>
						<aligny>bottom</aligny>
						<align>right</align>
						<label>[COLOR dimgrey]T[/COLOR]</label>
						<font>font12</font>
						<shadowcolor>black</shadowcolor>
					</control>
					<control type="label">
						<left>550</left>
						<width>100</width>
						<height>40</height>
						<aligny>bottom</aligny>
						<align>right</align>
						<label>$INFO[Player.Process(video.dovi.l5.bottom.offset)]</label>
						<font>font12</font>
						<shadowcolor>black</shadowcolor>
					</control>
					<control type="label">
						<left>650</left>
						<width>20</width>
						<height>40</height>
						<aligny>bottom</aligny>
						<align>right</align>
						<label>[COLOR dimgrey]B[/COLOR]</label>
						<font>font12</font>
						<shadowcolor>black</shadowcolor>
					</control>
				</control>
			</control>
			<!-- Dolby Vision - HDR Right -->
			<control type="grouplist">
				<left>1320</left>
				<top>-204</top>
				<visible>Control.HasFocus(5552)</visible>
				<visible>String.IsEqual(Player.Process(video.hdr.has.cll),1) | String.IsEqual(Player.Process(video.hdr.has.mdcv),1)</visible>
				<control type="group">
					<width>700</width>
					<height>40</height>
					<control type="image">
						<left>0</left>
						<top>6</top>
						<width>78</width>
						<height>28</height>
						<texture>info/hdr.10.small.png</texture>
					</control>
					<control type="label">
						<left>90</left>
						<width>500</width>
						<height>40</height>
						<aligny>bottom</aligny>
						<align>left</align>
						<label>[COLOR blue]Static Metadata[/COLOR]</label>
						<font>font12</font>
					</control>
				</control>
				<control type="group"> <!-- HDR MaxCLL/MaxFALL -->
					<visible>String.IsEqual(Player.Process(video.hdr.has.cll),1)</visible>
					<width>500</width>
					<height>40</height>
					<control type="label">
						<width>250</width>
						<height>40</height>
						<aligny>bottom</aligny>
						<align>left</align>
						<label>[COLOR button_focus]Max CLL/FALL:[/COLOR]</label>
						<font>font12</font>
						<shadowcolor>black</shadowcolor>
					</control>
					<control type="label">
						<left>250</left>
						<width>100</width>
						<height>40</height>
						<aligny>bottom</aligny>
						<align>right</align>
						<label>$INFO[Player.Process(video.hdr.max.cll)]</label>
						<font>font12</font>
						<shadowcolor>black</shadowcolor>
					</control>
					<control type="label">
						<left>350</left>
						<width>100</width>
						<height>40</height>
						<aligny>bottom</aligny>
						<align>right</align>
						<label>$INFO[Player.Process(video.hdr.max.fall)]</label>
						<font>font12</font>
						<shadowcolor>black</shadowcolor>
					</control>
					<control type="label">
						<left>470</left>
						<width>100</width>
						<height>40</height>
						<aligny>bottom</aligny>
						<align>left</align>
						<label>[COLOR dimgrey]cd/m²[/COLOR]</label>
						<font>font12</font>
						<shadowcolor>black</shadowcolor>
					</control>
				</control>
				<control type="group"> <!-- HDR Min/Max nits -->
					<visible>String.IsEqual(Player.Process(video.hdr.has.mdcv),1)</visible>
					<width>500</width>
					<height>40</height>
					<control type="label">
						<width>250</width>
						<height>40</height>
						<aligny>bottom</aligny>
						<align>left</align>
						<label>[COLOR button_focus]Min/Max:[/COLOR]</label>
						<font>font12</font>
						<shadowcolor>black</shadowcolor>
					</control>
					<control type="label">
						<left>250</left>
						<width>100</width>
						<height>40</height>
						<aligny>bottom</aligny>
						<align>right</align>
						<label>$INFO[Player.Process(video.hdr.min.lum)]</label>
						<font>font12</font>
						<shadowcolor>black</shadowcolor>
					</control>
					<control type="label">
						<left>350</left>
						<width>100</width>
						<height>40</height>
						<aligny>bottom</aligny>
						<align>right</align>
						<label>$INFO[Player.Process(video.hdr.max.lum)]</label>
						<font>font12</font>
						<shadowcolor>black</shadowcolor>
					</control>
					<control type="label">
						<left>470</left>
						<width>100</width>
						<height>40</height>
						<aligny>bottom</aligny>
						<align>left</align>
						<label>[COLOR dimgrey]cd/m²[/COLOR]</label>
						<font>font12</font>
						<shadowcolor>black</shadowcolor>
					</control>
				</control>
				<control type="group"> <!-- HDR Colour Primaries -->
					<visible>String.IsEqual(Player.Process(video.hdr.has.mdcv),1)</visible>
					<width>500</width>
					<height>40</height>
					<control type="label">
						<width>250</width>
						<height>40</height>
						<aligny>bottom</aligny>
						<align>left</align>
						<label>[COLOR button_focus]Colour Primaries:[/COLOR]</label>
						<font>font12</font>
						<shadowcolor>black</shadowcolor>
					</control>
					<control type="textbox">
						<left>250</left>
						<width>200</width>
						<height>300</height>
						<wrapmultiline>true</wrapmultiline>
						<aligny>bottom</aligny>
						<align>right</align>
						<label>$INFO[Player.Process(video.hdr.colour.primaries)]</label>
						<font>font12</font>
						<shadowcolor>black</shadowcolor>
					</control>
				</control>
			</control>
			
			<!-- Player Left -->
			<control type="grouplist">
				<left>50</left>
				<top>-204</top>
				<visible>Control.HasFocus(5553)</visible>

				<control type="group"> <!-- Screen resolution -->
					<width>640</width>
					<height>40</height>
					<control type="label">
						<width>220</width>
						<height>40</height>
						<aligny>bottom</aligny>
						<align>left</align>
						<label>[COLOR button_focus]$LOCALIZE[31607]:[/COLOR]</label>
						<font>font12</font>
						<shadowcolor>black</shadowcolor>
					</control>
					<control type="label">
						<left>220</left>
						<width>420</width>
						<height>40</height>
						<aligny>bottom</aligny>
						<align>right</align>
						<label>$INFO[System.ScreenResolution]</label>
						<font>font12</font>
						<shadowcolor>black</shadowcolor>
					</control>
				</control>

				<control type="group"> <!-- Kodi fps -->
					<width>640</width>
					<height>40</height>
					<control type="label">
						<width>220</width>
						<height>40</height>
						<aligny>bottom</aligny>
						<align>left</align>
						<label>[COLOR button_focus]$LOCALIZE[31641]:[/COLOR]</label>
						<font>font12</font>
						<shadowcolor>black</shadowcolor>
					</control>
					<control type="label">
						<left>220</left>
						<width>420</width>
						<height>40</height>
						<aligny>bottom</aligny>
						<align>right</align>
						<label>$INFO[System.FPS]</label>
						<font>font12</font>
						<shadowcolor>black</shadowcolor>
					</control>
				</control>

				<control type="group"> <!-- Video decoder|deinterlace -->
					<width>640</width>
					<height>40</height>
					<control type="label">
						<width>250</width>
						<height>40</height>
						<aligny>bottom</aligny>
						<align>left</align>
						<label>[COLOR button_focus]$LOCALIZE[31642]:[/COLOR]</label>
						<font>font12</font>
						<shadowcolor>black</shadowcolor>
					</control>
					<control type="label">
						<left>250</left>
						<width>390</width>
						<height>40</height>
						<aligny>bottom</aligny>
						<align>right</align>
						<label>$INFO[Player.Process(videodecoder), ]$VAR[VideoHWDecoder, [COLOR dimgrey]([/COLOR],[COLOR dimgrey])[/COLOR]] $VAR[|] $INFO[Player.Process(deintmethod)]</label>
						<font>font12</font>
						<shadowcolor>black</shadowcolor>
					</control>
				</control>

				<control type="group"> <!-- A|V bit rate -->
					<width>640</width>
					<height>40</height>
					<control type="label">
						<width>220</width>
						<height>40</height>
						<aligny>bottom</aligny>
						<align>left</align>
						<label>[COLOR button_focus]$LOCALIZE[31643]:[/COLOR]</label>
						<font>font12</font>
						<shadowcolor>black</shadowcolor>
					</control>
					<control type="label">
						<left>240</left>
						<width>200</width>
						<height>40</height>
						<aligny>bottom</aligny>
						<align>right</align>
						<label>$INFO[VideoPlayer.AudioMibitRate,[COLOR dimgrey],[/COLOR]] $VAR[|] $INFO[VideoPlayer.VideoMibitRate,[COLOR dimgrey],[/COLOR]]</label>
						<font>font12</font>
						<shadowcolor>black</shadowcolor>
						<visible>!String.IsEmpty(VideoPlayer.AudioMibitRate)</visible>
						<visible>!String.IsEmpty(VideoPlayer.VideoMibitRate)</visible>
					</control>
					<control type="label">
						<left>440</left>
						<width>200</width>
						<height>40</height>
						<aligny>bottom</aligny>
						<align>right</align>
						<label>$INFO[Player.Process(audio.live.mibit.rate),,] $VAR[|] $INFO[Player.Process(video.live.mibit.rate),,]</label>
						<font>font12</font>
						<shadowcolor>black</shadowcolor>
					</control>
				</control>

				<control type="group"> <!-- Cache -->
					<width>640</width>
					<height>40</height>
					<control type="label">
						<width>240</width>
						<height>40</height>
						<aligny>bottom</aligny>
						<align>left</align>
						<label>[COLOR button_focus]$LOCALIZE[31644]:[/COLOR]</label>
						<font>font12</font>
						<shadowcolor>black</shadowcolor>
					</control>
					<control type="label">
						<left>240</left>
						<width>400</width>
						<height>40</height>
						<aligny>bottom</aligny>
						<align>right</align>
						<label>$INFO[Player.CacheLevel,,%]</label>
						<font>font12</font>
						<shadowcolor>black</shadowcolor>
					</control>
				</control>

				<control type="progress">
					<description>CACHE BAR</description>
					<width>640</width>
					<height>8</height>
					<info>Player.CacheLevel</info>
					<texturebg border="3" colordiffuse="60FFFFFF">colors/white50.png</texturebg>
					<midtexture border="3" colordiffuse="button_focus">colors/white.png</midtexture>
				</control>

				<control type="group"> <!-- Memory -->
					<width>640</width>
					<height>40</height>
					<control type="label">
						<width>240</width>
						<height>40</height>
						<aligny>bottom</aligny>
						<align>left</align>
						<label>[COLOR button_focus]$LOCALIZE[31645]:[/COLOR]</label>
						<font>font12</font>
						<shadowcolor>black</shadowcolor>
					</control>
					<control type="label">
						<left>240</left>
						<width>400</width>
						<height>40</height>
						<aligny>bottom</aligny>
						<align>right</align>
						<label>$INFO[system.memory(used.percent)] [COLOR dimgrey]([/COLOR]$INFO[system.memory(used)] [COLOR dimgrey]/[/COLOR] $INFO[system.memory(total)][COLOR dimgrey])[/COLOR]</label>
						<font>font12</font>
						<shadowcolor>black</shadowcolor>
					</control>
				</control>

				<control type="progress">
					<description>RAM BAR</description>
					<width>640</width>
					<height>8</height>
					<info>system.memory(used)</info>
					<texturebg border="3" colordiffuse="60FFFFFF">colors/white50.png</texturebg>
					<midtexture border="3" colordiffuse="button_focus">colors/white.png</midtexture>
				</control>

				<control type="group"> <!-- CPU Usage -->
					<width>640</width>
					<height>40</height>
					<visible>System.SupportsCPUUsage</visible>
					<control type="label">
						<width>240</width>
						<height>40</height>
						<aligny>bottom</aligny>
						<align>left</align>
						<label>[COLOR button_focus]$LOCALIZE[31646] %:[/COLOR]</label>
						<font>font12</font>
						<shadowcolor>black</shadowcolor>
					</control>
					<control type="label">
						<left>240</left>
						<width>400</width>
						<height>40</height>
						<aligny>bottom</aligny>
						<align>right</align>
						<label>$INFO[System.CpuAltUsage]</label>
						<font>font12</font>
						<shadowcolor>black</shadowcolor>
					</control>
				</control>

				<control type="progress">
					<description>CPU BAR</description>
					<width>640</width>
					<height>8</height>
					<info>System.CPUUsage</info>
					<visible>System.SupportsCPUUsage</visible>
					<texturebg border="3" colordiffuse="60FFFFFF">colors/white50.png</texturebg>
					<midtexture border="3" colordiffuse="button_focus">colors/white.png</midtexture>
				</control>

				<control type="group"> <!-- CPU -->
					<width>640</width>
					<height>40</height>
					<control type="label">
						<width>240</width>
						<height>40</height>
						<aligny>bottom</aligny>
						<align>left</align>
						<label>[COLOR button_focus]$LOCALIZE[31646]:[/COLOR]</label>
						<font>font12</font>
						<shadowcolor>black</shadowcolor>
					</control>
					<control type="label">
						<left>240</left>
						<width>400</width>
						<height>40</height>
						<aligny>bottom</aligny>
						<align>right</align>
						<label>$INFO[System.CpuFrequency] $VAR[|] $INFO[System.CPUTemperature]</label>
						<font>font12</font>
						<shadowcolor>black</shadowcolor>
					</control>
				</control>

			</control>
			<!-- Player Middle -->
			<control type="grouplist">
				<left>710</left>
				<top>-204</top>
				<visible>Control.HasFocus(5553)</visible>

				<control type="group"> <!-- Video source type -->
					<width>620</width>
					<height>40</height>
					<visible>Player.HasVideo</visible>
					<control type="label">
						<width>220</width>
						<height>40</height>
						<aligny>bottom</aligny>
						<align>left</align>
						<label>[COLOR button_focus]$LOCALIZE[31647]:[/COLOR]</label>
						<font>font12</font>
						<shadowcolor>black</shadowcolor>
					</control>
					<control type="label"> <!-- SDR -->
						<left>220</left>
						<width>400</width>
						<height>40</height>
						<aligny>bottom</aligny>
						<align>right</align>
						<label>$INFO[Player.Process(video.source.hdr.type)]</label>
						<font>font12</font>
						<shadowcolor>black</shadowcolor>
						<visible>String.IsEqual(Player.Process(video.source.hdr.type.raw),0)</visible>
					</control>
					<control type="label"> <!-- HDR -->
						<left>220</left>
						<width>400</width>
						<height>40</height>
						<aligny>bottom</aligny>
						<align>right</align>
						<label>$INFO[Player.Process(video.source.hdr.type)]</label>
						<font>font12</font>
						<shadowcolor>black</shadowcolor>
						<visible>!String.IsEqual(Player.Process(video.source.hdr.type.raw),0)</visible>
						<visible>String.IsEqual(Player.Process(video.source.additional.hdr.type.raw),0)</visible>
					</control>
					<control type="label"> <!-- HDR with additional -->
						<left>220</left>
						<width>400</width>
						<height>40</height>
						<aligny>bottom</aligny>
						<align>right</align>
						<label>$INFO[Player.Process(video.source.hdr.type)] $VAR[|] [COLOR dimgrey]$INFO[Player.Process(video.source.additional.hdr.type)][/COLOR]</label>
						<font>font12</font>
						<shadowcolor>black</shadowcolor>
						<visible>!String.IsEqual(Player.Process(video.source.hdr.type.raw),0)</visible>
						<visible>!String.IsEqual(Player.Process(video.source.additional.hdr.type.raw),0)</visible>
					</control>
				</control>

				<control type="group"> <!-- Video encoding 1 -->
					<width>620</width>
					<height>40</height>
					<visible>Player.HasVideo</visible>
					<control type="label">
						<width>220</width>
						<height>40</height>
						<aligny>bottom</aligny>
						<align>left</align>
						<label>[COLOR button_focus]$LOCALIZE[31648]:[/COLOR]</label>
						<font>font12</font>
						<shadowcolor>black</shadowcolor>
					</control>
					<control type="label">
						<left>220</left>
						<width>400</width>
						<height>40</height>
						<aligny>bottom</aligny>
						<align>right</align>
						<label>$INFO[VideoPlayer.VideoCodec] $VAR[|] $INFO[VideoPlayer.VideoResolution] $VAR[|] $INFO[VideoPlayer.VideoAspect]</label>
						<font>font12</font>
						<shadowcolor>black</shadowcolor>
					</control>
				</control>

				<control type="group"> <!-- Video encoding 2 -->
					<width>620</width>
					<height>40</height>
					<visible>Player.HasVideo</visible>
					<control type="label">
						<width>220</width>
						<height>40</height>
						<aligny>bottom</aligny>
						<align>left</align>
						<label>[COLOR button_focus]$LOCALIZE[31648]:[/COLOR]</label>
						<font>font12</font>
						<shadowcolor>black</shadowcolor>
					</control>
					<control type="label">
						<left>220</left>
						<width>400</width>
						<height>40</height>
						<aligny>bottom</aligny>
						<align>right</align>
						<label>$INFO[Player.Process(video.width.raw)]x$INFO[Player.Process(video.height.raw)]$INFO[Player.Process(videoscantype)] $VAR[|] $INFO[Player.Process(videofps),, fps] $VAR[|] $INFO[Player.Process(video.bit.depth),,-bit]</label>
						<font>font12</font>
						<shadowcolor>black</shadowcolor>
					</control>
				</control>

				<control type="group"> <!-- Video colour -->
					<width>620</width>
					<height>40</height>
					<visible>Player.HasVideo</visible>
					<control type="label">
						<width>200</width>
						<height>40</height>
						<aligny>bottom</aligny>
						<align>left</align>
						<label>[COLOR button_focus]$LOCALIZE[31649]:[/COLOR]</label>
						<font>font12</font>
						<shadowcolor>black</shadowcolor>
					</control>
					<control type="label">
						<left>200</left>
						<width>420</width>
						<height>40</height>
						<aligny>bottom</aligny>
						<align>right</align>
						<label>$VAR[ColourVar]</label>
						<font>font12</font>
						<shadowcolor>black</shadowcolor>
					</control>
				</control>

				<control type="group"> <!-- Audio encoding -->
					<width>620</width>
					<height>40</height>
					<control type="label">
						<width>220</width>
						<height>40</height>
						<aligny>bottom</aligny>
						<align>left</align>
						<label>[COLOR button_focus]$LOCALIZE[31650]:[/COLOR]</label>
						<font>font12</font>
						<shadowcolor>black</shadowcolor>
					</control>
					<control type="label">
						<left>220</left>
						<width>400</width>
						<height>40</height>
						<aligny>bottom</aligny>
						<align>right</align>
						<label>$VAR[AudioCodec1Var]$VAR[AudioChannels1Var, ]$VAR[ObjectAudio, ]</label>
						<font>font12</font>
						<shadowcolor>black</shadowcolor>
					</control>
				</control>

				<control type="group"> <!-- Audio sampling -->
					<width>620</width>
					<height>40</height>
					<control type="label">
						<width>220</width>
						<height>40</height>
						<aligny>bottom</aligny>
						<align>left</align>
						<label>[COLOR button_focus]$LOCALIZE[31651]:[/COLOR]</label>
						<font>font12</font>
						<shadowcolor>black</shadowcolor>
					</control>
					<control type="label">
						<left>220</left>
						<width>400</width>
						<height>40</height>
						<aligny>bottom</aligny>
						<align>right</align>
						<label>$INFO[Player.Process(audio.sample.rate),, kHz] $VAR[|] $INFO[Player.Process(audiobitspersample),,-bit]</label>
						<font>font12</font>
						<shadowcolor>black</shadowcolor>
					</control>
				</control>

				<control type="group"> <!-- Audio language -->
					<width>620</width>
					<height>40</height>
					<visible>!String.IsEmpty(VideoPlayer.AudioLanguage)</visible>
					<control type="label">
						<width>220</width>
						<height>40</height>
						<aligny>bottom</aligny>
						<align>left</align>
						<label>[COLOR button_focus]$LOCALIZE[31652]:[/COLOR]</label>
						<font>font12</font>
						<shadowcolor>black</shadowcolor>
					</control>
					<control type="label">
						<left>220</left>
						<width>400</width>
						<height>40</height>
						<aligny>bottom</aligny>
						<align>right</align>
						<label>$INFO[VideoPlayer.AudioLanguage] $VAR[|] $INFO[VideoPlayer.AudioLanguageEx]</label>
						<font>font12</font>
						<shadowcolor>black</shadowcolor>
					</control>
				</control>

				<control type="group"> <!-- Subtitle language -->
					<width>620</width>
					<height>40</height>
					<visible>VideoPlayer.HasSubtitles</visible>
					<control type="label">
						<width>220</width>
						<height>40</height>
						<aligny>bottom</aligny>
						<align>left</align>
						<label>[COLOR button_focus]$LOCALIZE[21448]:[/COLOR]</label>
						<font>font12</font>
						<shadowcolor>black</shadowcolor>
					</control>
					<control type="label">
						<left>220</left>
						<width>400</width>
						<height>40</height>
						<aligny>bottom</aligny>
						<align>right</align>
						<label>$INFO[VideoPlayer.SubtitlesLanguage] $VAR[|] $INFO[VideoPlayer.SubtitlesLangEx]</label>
						<font>font12</font>
						<shadowcolor>black</shadowcolor>
						<visible>VideoPlayer.SubtitlesEnabled</visible>
					</control>
					<control type="label">
						<left>220</left>
						<width>400</width>
						<height>40</height>
						<aligny>bottom</aligny>
						<align>right</align>
						<label>[COLOR dimgrey]$INFO[VideoPlayer.SubtitlesLanguage][/COLOR] $VAR[|] [COLOR dimgrey]$INFO[VideoPlayer.SubtitlesLangEx][/COLOR]</label>
						<font>font12</font>
						<shadowcolor>black</shadowcolor>
						<visible>!VideoPlayer.SubtitlesEnabled</visible>
					</control>
				</control>

				<control type="group"> <!-- Subtitle name -->
					<width>620</width>
					<height>40</height>
					<visible>VideoPlayer.HasSubtitles</visible>
					<visible>!String.IsEmpty(VideoPlayer.SubtitlesName)</visible>
					<control type="label">
						<width>220</width>
						<height>40</height>
						<aligny>bottom</aligny>
						<align>left</align>
						<label>[COLOR button_focus]$LOCALIZE[31657]:[/COLOR]</label>
						<font>font12</font>
						<shadowcolor>black</shadowcolor>
					</control>
					<control type="label">
						<left>220</left>
						<width>400</width>
						<height>40</height>
						<aligny>bottom</aligny>
						<align>right</align>
						<label>$INFO[VideoPlayer.SubtitlesName]</label>
						<font>font12</font>
						<shadowcolor>black</shadowcolor>
						<visible>VideoPlayer.SubtitlesEnabled</visible>
					</control>
					<control type="label">
						<left>220</left>
						<width>400</width>
						<height>40</height>
						<aligny>bottom</aligny>
						<align>right</align>
						<label>[COLOR dimgrey]$INFO[VideoPlayer.SubtitlesName][/COLOR]</label>
						<font>font12</font>
						<shadowcolor>black</shadowcolor>
						<visible>!VideoPlayer.SubtitlesEnabled</visible>
					</control>
				</control>

			</control>
			<!-- Player Right -->
			<control type="grouplist">
				<left>1350</left>
				<top>-204</top>
				<visible>Control.HasFocus(5553)</visible>

				<control type="group"> <!-- Display mode -->
					<width>520</width>
					<height>40</height>
					<control type="label">
						<width>220</width>
						<height>40</height>
						<aligny>bottom</aligny>
						<align>left</align>
						<label>[COLOR button_focus]$LOCALIZE[32100]:[/COLOR]</label>
						<font>font12</font>
						<shadowcolor>black</shadowcolor>
					</control>
					<control type="label">
						<left>220</left>
						<width>300</width>
						<height>40</height>
						<aligny>bottom</aligny>
						<align>right</align>
						<label>$INFO[Player.Process(amlogic.displaymode)]</label>
						<font>font12</font>
						<shadowcolor>black</shadowcolor>
					</control>
				</control>

				<control type="group"> <!-- EOTF & Gamut -->
					<width>520</width>
					<height>40</height>
					<visible>Player.HasVideo</visible>
					<control type="label">
						<width>220</width>
						<height>40</height>
						<aligny>bottom</aligny>
						<align>left</align>
						<label>[COLOR button_focus]$LOCALIZE[32101]:[/COLOR]</label>
						<font>font12</font>
						<shadowcolor>black</shadowcolor>
					</control>
					<control type="label">
						<left>220</left>
						<width>300</width>
						<height>40</height>
						<aligny>bottom</aligny>
						<align>right</align>
						<label>$INFO[Player.Process(amlogic.eoft_gamut)]</label>
						<font>font12</font>
						<shadowcolor>black</shadowcolor>
					</control>
				</control>

				<control type="group"> <!-- Dolby Vision Profile -->
					<width>520</width>
					<height>40</height>
					<visible>Player.HasVideo</visible>
					<visible>String.Contains(Player.Process(video.hdr.type),dolby vision)</visible>
					<control type="label">
						<width>240</width>
						<height>40</height>
						<aligny>bottom</aligny>
						<align>left</align>
						<label>[COLOR button_focus]$LOCALIZE[31653]:[/COLOR]</label>
						<font>font12</font>
						<shadowcolor>black</shadowcolor>
					</control>
					<control type="label">
						<left>240</left>
						<width>280</width>
						<height>40</height>
						<aligny>bottom</aligny>
						<align>right</align>
						<label>$VAR[DVProfileExtVar]$VAR[DVELVar, ] $INFO[Player.Process(video.dovi.codec.string),[COLOR dimgrey][,][/COLOR]]</label>
						<font>font12</font>
						<shadowcolor>black</shadowcolor>
					</control>
				</control>

				<control type="group"> <!-- Dolby Vision Metadata -->
					<width>520</width>
					<height>40</height>
					<visible>Player.HasVideo</visible>
					<visible>String.Contains(Player.Process(video.hdr.type),dolby vision)</visible>
					<control type="label">
						<width>280</width>
						<height>40</height>
						<aligny>bottom</aligny>
						<align>left</align>
						<label>[COLOR button_focus]$LOCALIZE[31656]:[/COLOR]</label>
						<font>font12</font>
						<shadowcolor>black</shadowcolor>
					</control>
					<control type="label">
						<left>280</left>
						<width>240</width>
						<height>40</height>
						<aligny>bottom</aligny>
						<align>right</align>
						<label>$INFO[Player.Process(video.dovi.meta.version)]</label>
						<font>font12</font>
						<shadowcolor>black</shadowcolor>
					</control>
				</control>

				<control type="group"> <!-- VS10 mode -->
					<width>520</width>
					<height>40</height>
					<visible>Player.HasVideo</visible>
					<visible>!String.Contains(Player.Process(amlogic.vs10.mode),bypass)</visible>
					<control type="label">
						<width>220</width>
						<height>40</height>
						<aligny>bottom</aligny>
						<align>left</align>
						<label>[COLOR button_focus]$LOCALIZE[31654]:[/COLOR]</label>
						<font>font12</font>
						<shadowcolor>black</shadowcolor>
					</control>
					<control type="label">
						<left>220</left>
						<width>300</width>
						<height>40</height>
						<aligny>bottom</aligny>
						<align>right</align>
						<label>$VAR[DVVS10Var]</label>
						<font>font12</font>
						<shadowcolor>black</shadowcolor>
					</control>
				</control>

				<control type="group"> <!--Pixel format -->
					<width>520</width>
					<height>40</height>
					<visible>Player.HasVideo</visible>
					<control type="label">
						<width>220</width>
						<height>40</height>
						<aligny>bottom</aligny>
						<align>left</align>
						<label>[COLOR button_focus]$LOCALIZE[31140]:[/COLOR]</label>
						<font>font12</font>
						<shadowcolor>black</shadowcolor>
					</control>
					<control type="label">
						<left>220</left>
						<width>300</width>
						<height>40</height>
						<aligny>bottom</aligny>
						<align>right</align>
						<label>$VAR[DVTunnelVar,[COLOR dimgrey][,][/COLOR] ]$INFO[Player.Process(amlogic.pixformat)]</label>
						<font>font12</font>
						<shadowcolor>black</shadowcolor>
					</control>
				</control>

				<control type="group"> <!-- AML fps -->
					<width>520</width>
					<height>40</height>
					<visible>Player.HasVideo</visible>
					<visible>Player.Process(videohwdecoder)</visible>
					<control type="label">
						<width>160</width>
						<height>40</height>
						<aligny>bottom</aligny>
						<align>left</align>
						<label>[COLOR button_focus]$LOCALIZE[31655]:[/COLOR]</label>
						<font>font12</font>
						<shadowcolor>black</shadowcolor>
					</control>
					<control type="label">
						<left>212</left>
						<width>308</width>
						<height>40</height>
						<aligny>bottom</aligny>
						<align>left</align>
						<label>$INFO[Player.Process(amlogic.video.fps.info)][COLOR orange]$INFO[Player.Process(amlogic.video.fps.drop),	-&gt; ][/COLOR]</label>
						<font>font12</font>
						<shadowcolor>black</shadowcolor>
					</control>
				</control>

				<control type="progress">
					<description>AUDIO QUEUE BAR</description>
					<width>520</width>
					<height>8</height>
					<info>Player.Process(audio.queue.level)</info>
					<texturebg border="3" colordiffuse="60FFFFFF">colors/white50.png</texturebg>
					<midtexture border="3" colordiffuse="button_focus">colors/white.png</midtexture>
				</control>
				<control type="progress">
					<description>AUDIO QUEUE DATA BAR</description>
					<width>520</width>
					<height>8</height>
					<info>Player.Process(audio.queue.data.level)</info>
					<texturebg border="3" colordiffuse="60FFFFFF">colors/white50.png</texturebg>
					<midtexture border="3" colordiffuse="button_focus">colors/white.png</midtexture>
				</control>
				<control type="progress">
					<description>VIDEO QUEUE BAR</description>
					<width>520</width>
					<height>8</height>
					<info>Player.Process(video.queue.level)</info>
					<texturebg border="3" colordiffuse="60FFFFFF">colors/white50.png</texturebg>
					<midtexture border="3" colordiffuse="button_focus">colors/white.png</midtexture>
				</control>
				<control type="progress">
					<description>VIDEO QUEUE DATA BAR</description>
					<width>520</width>
					<height>8</height>
					<info>Player.Process(video.queue.data.level)</info>
					<texturebg border="3" colordiffuse="60FFFFFF">colors/white50.png</texturebg>
					<midtexture border="3" colordiffuse="button_focus">colors/white.png</midtexture>
				</control>
			</control>
			<control type="grouplist" id="5550">
				<right>15</right>
				<top>-310</top>
				<width>1000</width>
				<height>100</height>
				<align>right</align>
				<orientation>horizontal</orientation>
				<itemgap>-10</itemgap>
				<onup>Close</onup>
				<ondown>Close</ondown>
				<usecontrolcoords>true</usecontrolcoords>
				<control type="button" id="5551">
					<width>auto</width>
					<height>100</height>
					<textoffsetx>40</textoffsetx>
					<label>$LOCALIZE[31137]</label>
					<visible>VideoPlayer.Content(livetv)</visible>
					<onfocus>SetProperty(PlayerInfoDialogFocus,5551,Home)</onfocus>
				</control>
				<control type="button" id="5552">
					<visible>String.IsEqual(Player.Process(video.dovi.has.config),1) |
					         String.IsEqual(Player.Process(video.dovi.has.header),1) |
							 String.IsEqual(Player.Process(video.hdr.has.cll),1) |
							 String.IsEqual(Player.Process(video.hdr.has.mdcv),1)
					</visible>
					<width>auto</width>
					<height>100</height>
					<textoffsetx>40</textoffsetx>
					<label>Dolby Vision - HDR</label>
					<onfocus>SetProperty(PlayerInfoDialogFocus,5552,Home)</onfocus>
				</control>
				<control type="button" id="5553">
					<width>auto</width>
					<height>100</height>
					<textoffsetx>40</textoffsetx>
					<label>$LOCALIZE[31634]</label>
					<onfocus>SetProperty(PlayerInfoDialogFocus,5553,Home)</onfocus>
				</control>
			</control>
		</control>
	</controls>
</window>
